preset_name,reg_idx,reg_name,hex_value
Off,0,vLOUT,0x0000
Off,1,vROUT,0x0000
Off,2,mBASE,0x0000
Off,3,dAPF1,0x0000
Off,4,dAPF2,0x0000
Off,5,vIIR,0x0000
Off,6,vCOMB1,0x0000
Off,7,vCOMB2,0x0000
Off,8,vCOMB3,0x0000
Off,9,vCOMB4,0x0000
Off,10,vWALL,0x0000
Off,11,vAPF1,0x0000
Off,12,vAPF2,0x0000
Off,13,mLSAME,0x0001
Off,14,mRSAME,0x0001
Off,15,mLCOMB1,0x0001
Off,16,mRCOMB1,0x0001
Off,17,mLCOMB2,0x0001
Off,18,mRCOMB2,0x0001
Off,19,dLSAME,0x0000
Off,20,dRSAME,0x0000
Off,21,mLDIFF,0x0001
Off,22,mRDIFF,0x0001
Off,23,mLCOMB3,0x0001
Off,24,mRCOMB3,0x0001
Off,25,mLCOMB4,0x0001
Off,26,mRCOMB4,0x0001
Off,27,dLDIFF,0x0000
Off,28,dRDIFF,0x0000
Off,29,mLAPF1,0x0001
Off,30,mRAPF1,0x0001
Off,31,mLAPF2,0x0001
Off,32,mRAPF2,0x0001
Off,33,vLIN,0x0000
Off,34,vRIN,0x0000
Room,0,vLOUT,0x0000
Room,1,vROUT,0x0000
Room,2,mBASE,0x0000
Room,3,dAPF1,0x007d
Room,4,dAPF2,0x005b
Room,5,vIIR,0x6d80
Room,6,vCOMB1,0x54b8
Room,7,vCOMB2,0xbed0
Room,8,vCOMB3,0x0000
Room,9,vCOMB4,0x0000
Room,10,vWALL,0xba80
Room,11,vAPF1,0x5800
Room,12,vAPF2,0x5300
Room,13,mLSAME,0x04d6
Room,14,mRSAME,0x0333
Room,15,mLCOMB1,0x03f0
Room,16,mRCOMB1,0x0227
Room,17,mLCOMB2,0x0374
Room,18,mRCOMB2,0x01ef
Room,19,dLSAME,0x0334
Room,20,dRSAME,0x01b5
Room,21,mLDIFF,0x0000
Room,22,mRDIFF,0x0000
Room,23,mLCOMB3,0x0000
Room,24,mRCOMB3,0x0000
Room,25,mLCOMB4,0x0000
Room,26,mRCOMB4,0x0000
Room,27,dLDIFF,0x0000
Room,28,dRDIFF,0x0000
Room,29,mLAPF1,0x01b4
Room,30,mRAPF1,0x0136
Room,31,mLAPF2,0x00b8
Room,32,mRAPF2,0x005c
Room,33,vLIN,0x8000
Room,34,vRIN,0x8000
Studio A,0,vLOUT,0x0000
Studio A,1,vROUT,0x0000
Studio A,2,mBASE,0x0000
Studio A,3,dAPF1,0x0033
Studio A,4,dAPF2,0x0025
Studio A,5,vIIR,0x70f0
Studio A,6,vCOMB1,0x4fa8
Studio A,7,vCOMB2,0xbce0
Studio A,8,vCOMB3,0x4410
Studio A,9,vCOMB4,0xc0f0
Studio A,10,vWALL,0x9c00
Studio A,11,vAPF1,0x5280
Studio A,12,vAPF2,0x4ec0
Studio A,13,mLSAME,0x03e4
Studio A,14,mRSAME,0x031b
Studio A,15,mLCOMB1,0x03a4
Studio A,16,mRCOMB1,0x02af
Studio A,17,mLCOMB2,0x0372
Studio A,18,mRCOMB2,0x0266
Studio A,19,dLSAME,0x031c
Studio A,20,dRSAME,0x025d
Studio A,21,mLDIFF,0x025c
Studio A,22,mRDIFF,0x018e
Studio A,23,mLCOMB3,0x022f
Studio A,24,mRCOMB3,0x0135
Studio A,25,mLCOMB4,0x01d2
Studio A,26,mRCOMB4,0x00b7
Studio A,27,dLDIFF,0x018f
Studio A,28,dRDIFF,0x00b5
Studio A,29,mLAPF1,0x00b4
Studio A,30,mRAPF1,0x0080
Studio A,31,mLAPF2,0x004c
Studio A,32,mRAPF2,0x0026
Studio A,33,vLIN,0x8000
Studio A,34,vRIN,0x8000
Studio B,0,vLOUT,0x0000
Studio B,1,vROUT,0x0000
Studio B,2,mBASE,0x0000
Studio B,3,dAPF1,0x00b1
Studio B,4,dAPF2,0x007f
Studio B,5,vIIR,0x70f0
Studio B,6,vCOMB1,0x4fa8
Studio B,7,vCOMB2,0xbce0
Studio B,8,vCOMB3,0x4510
Studio B,9,vCOMB4,0xbef0
Studio B,10,vWALL,0xb4c0
Studio B,11,vAPF1,0x5280
Studio B,12,vAPF2,0x4ec0
Studio B,13,mLSAME,0x0904
Studio B,14,mRSAME,0x076b
Studio B,15,mLCOMB1,0x0824
Studio B,16,mRCOMB1,0x065f
Studio B,17,mLCOMB2,0x07a2
Studio B,18,mRCOMB2,0x0616
Studio B,19,dLSAME,0x076c
Studio B,20,dRSAME,0x05ed
Studio B,21,mLDIFF,0x05ec
Studio B,22,mRDIFF,0x042e
Studio B,23,mLCOMB3,0x050f
Studio B,24,mRCOMB3,0x0305
Studio B,25,mLCOMB4,0x0462
Studio B,26,mRCOMB4,0x02b7
Studio B,27,dLDIFF,0x042f
Studio B,28,dRDIFF,0x0265
Studio B,29,mLAPF1,0x0264
Studio B,30,mRAPF1,0x01b2
Studio B,31,mLAPF2,0x0100
Studio B,32,mRAPF2,0x0080
Studio B,33,vLIN,0x8000
Studio B,34,vRIN,0x8000
Studio C,0,vLOUT,0x0000
Studio C,1,vROUT,0x0000
Studio C,2,mBASE,0x0000
Studio C,3,dAPF1,0x00e3
Studio C,4,dAPF2,0x00a9
Studio C,5,vIIR,0x6f60
Studio C,6,vCOMB1,0x4fa8
Studio C,7,vCOMB2,0xbce0
Studio C,8,vCOMB3,0x4510
Studio C,9,vCOMB4,0xbef0
Studio C,10,vWALL,0xa680
Studio C,11,vAPF1,0x5680
Studio C,12,vAPF2,0x52c0
Studio C,13,mLSAME,0x0dfb
Studio C,14,mRSAME,0x0b58
Studio C,15,mLCOMB1,0x0d09
Studio C,16,mRCOMB1,0x0a3c
Studio C,17,mLCOMB2,0x0bd9
Studio C,18,mRCOMB2,0x0973
Studio C,19,dLSAME,0x0b59
Studio C,20,dRSAME,0x08da
Studio C,21,mLDIFF,0x08d9
Studio C,22,mRDIFF,0x05e9
Studio C,23,mLCOMB3,0x07ec
Studio C,24,mRCOMB3,0x04b0
Studio C,25,mLCOMB4,0x06ef
Studio C,26,mRCOMB4,0x03d2
Studio C,27,dLDIFF,0x05ea
Studio C,28,dRDIFF,0x031d
Studio C,29,mLAPF1,0x031c
Studio C,30,mRAPF1,0x0238
Studio C,31,mLAPF2,0x0154
Studio C,32,mRAPF2,0x00aa
Studio C,33,vLIN,0x8000
Studio C,34,vRIN,0x8000
Hall,0,vLOUT,0x0000
Hall,1,vROUT,0x0000
Hall,2,mBASE,0x0000
Hall,3,dAPF1,0x01a5
Hall,4,dAPF2,0x0139
Hall,5,vIIR,0x6000
Hall,6,vCOMB1,0x5000
Hall,7,vCOMB2,0x4c00
Hall,8,vCOMB3,0xb800
Hall,9,vCOMB4,0xbc00
Hall,10,vWALL,0xc000
Hall,11,vAPF1,0x6000
Hall,12,vAPF2,0x5c00
Hall,13,mLSAME,0x15ba
Hall,14,mRSAME,0x11bb
Hall,15,mLCOMB1,0x14c2
Hall,16,mRCOMB1,0x10bd
Hall,17,mLCOMB2,0x11bc
Hall,18,mRCOMB2,0x0dc1
Hall,19,dLSAME,0x11c0
Hall,20,dRSAME,0x0dc3
Hall,21,mLDIFF,0x0dc0
Hall,22,mRDIFF,0x09c1
Hall,23,mLCOMB3,0x0bc4
Hall,24,mRCOMB3,0x07c1
Hall,25,mLCOMB4,0x0a00
Hall,26,mRCOMB4,0x06cd
Hall,27,dLDIFF,0x09c2
Hall,28,dRDIFF,0x05c1
Hall,29,mLAPF1,0x05c0
Hall,30,mRAPF1,0x041a
Hall,31,mLAPF2,0x0274
Hall,32,mRAPF2,0x013a
Hall,33,vLIN,0x8000
Hall,34,vRIN,0x8000
Half Echo,0,vLOUT,0x0000
Half Echo,1,vROUT,0x0000
Half Echo,2,mBASE,0x0000
Half Echo,3,dAPF1,0x0017
Half Echo,4,dAPF2,0x0013
Half Echo,5,vIIR,0x70f0
Half Echo,6,vCOMB1,0x4fa8
Half Echo,7,vCOMB2,0xbce0
Half Echo,8,vCOMB3,0x4510
Half Echo,9,vCOMB4,0xbef0
Half Echo,10,vWALL,0x8500
Half Echo,11,vAPF1,0x5f80
Half Echo,12,vAPF2,0x54c0
Half Echo,13,mLSAME,0x0371
Half Echo,14,mRSAME,0x02af
Half Echo,15,mLCOMB1,0x02e5
Half Echo,16,mRCOMB1,0x01df
Half Echo,17,mLCOMB2,0x02b0
Half Echo,18,mRCOMB2,0x01d7
Half Echo,19,dLSAME,0x0358
Half Echo,20,dRSAME,0x026a
Half Echo,21,mLDIFF,0x01d6
Half Echo,22,mRDIFF,0x011e
Half Echo,23,mLCOMB3,0x012d
Half Echo,24,mRCOMB3,0x00b1
Half Echo,25,mLCOMB4,0x011f
Half Echo,26,mRCOMB4,0x0059
Half Echo,27,dLDIFF,0x01a0
Half Echo,28,dRDIFF,0x00e3
Half Echo,29,mLAPF1,0x0058
Half Echo,30,mRAPF1,0x0040
Half Echo,31,mLAPF2,0x0028
Half Echo,32,mRAPF2,0x0014
Half Echo,33,vLIN,0x8000
Half Echo,34,vRIN,0x8000
Space Echo,0,vLOUT,0x0000
Space Echo,1,vROUT,0x0000
Space Echo,2,mBASE,0x0000
Space Echo,3,dAPF1,0x033d
Space Echo,4,dAPF2,0x0231
Space Echo,5,vIIR,0x7e00
Space Echo,6,vCOMB1,0x5000
Space Echo,7,vCOMB2,0xb400
Space Echo,8,vCOMB3,0xb000
Space Echo,9,vCOMB4,0x4c00
Space Echo,10,vWALL,0xb000
Space Echo,11,vAPF1,0x6000
Space Echo,12,vAPF2,0x5400
Space Echo,13,mLSAME,0x1ed6
Space Echo,14,mRSAME,0x1a31
Space Echo,15,mLCOMB1,0x1d14
Space Echo,16,mRCOMB1,0x183b
Space Echo,17,mLCOMB2,0x1bc2
Space Echo,18,mRCOMB2,0x16b2
Space Echo,19,dLSAME,0x1a32
Space Echo,20,dRSAME,0x15ef
Space Echo,21,mLDIFF,0x15ee
Space Echo,22,mRDIFF,0x1055
Space Echo,23,mLCOMB3,0x1334
Space Echo,24,mRCOMB3,0x0f2d
Space Echo,25,mLCOMB4,0x11f6
Space Echo,26,mRCOMB4,0x0c5d
Space Echo,27,dLDIFF,0x1056
Space Echo,28,dRDIFF,0x0ae1
Space Echo,29,mLAPF1,0x0ae0
Space Echo,30,mRAPF1,0x07a2
Space Echo,31,mLAPF2,0x0464
Space Echo,32,mRAPF2,0x0232
Space Echo,33,vLIN,0x8000
Space Echo,34,vRIN,0x8000
Echo,0,vLOUT,0x0000
Echo,1,vROUT,0x0000
Echo,2,mBASE,0x0000
Echo,3,dAPF1,0x0001
Echo,4,dAPF2,0x0001
Echo,5,vIIR,0x7fff
Echo,6,vCOMB1,0x7fff
Echo,7,vCOMB2,0x0000
Echo,8,vCOMB3,0x0000
Echo,9,vCOMB4,0x0000
Echo,10,vWALL,0x8100
Echo,11,vAPF1,0x0000
Echo,12,vAPF2,0x0000
Echo,13,mLSAME,0x1fff
Echo,14,mRSAME,0x0fff
Echo,15,mLCOMB1,0x1005
Echo,16,mRCOMB1,0x0005
Echo,17,mLCOMB2,0x0000
Echo,18,mRCOMB2,0x0000
Echo,19,dLSAME,0x1005
Echo,20,dRSAME,0x0005
Echo,21,mLDIFF,0x0000
Echo,22,mRDIFF,0x0000
Echo,23,mLCOMB3,0x0000
Echo,24,mRCOMB3,0x0000
Echo,25,mLCOMB4,0x0000
Echo,26,mRCOMB4,0x0000
Echo,27,dLDIFF,0x0000
Echo,28,dRDIFF,0x0000
Echo,29,mLAPF1,0x1004
Echo,30,mRAPF1,0x1002
Echo,31,mLAPF2,0x0004
Echo,32,mRAPF2,0x0002
Echo,33,vLIN,0x8000
Echo,34,vRIN,0x8000
Delay,0,vLOUT,0x0000
Delay,1,vROUT,0x0000
Delay,2,mBASE,0x0000
Delay,3,dAPF1,0x0001
Delay,4,dAPF2,0x0001
Delay,5,vIIR,0x7fff
Delay,6,vCOMB1,0x7fff
Delay,7,vCOMB2,0x0000
Delay,8,vCOMB3,0x0000
Delay,9,vCOMB4,0x0000
Delay,10,vWALL,0x0000
Delay,11,vAPF1,0x0000
Delay,12,vAPF2,0x0000
Delay,13,mLSAME,0x1fff
Delay,14,mRSAME,0x0fff
Delay,15,mLCOMB1,0x1005
Delay,16,mRCOMB1,0x0005
Delay,17,mLCOMB2,0x0000
Delay,18,mRCOMB2,0x0000
Delay,19,dLSAME,0x1005
Delay,20,dRSAME,0x0005
Delay,21,mLDIFF,0x0000
Delay,22,mRDIFF,0x0000
Delay,23,mLCOMB3,0x0000
Delay,24,mRCOMB3,0x0000
Delay,25,mLCOMB4,0x0000
Delay,26,mRCOMB4,0x0000
Delay,27,dLDIFF,0x0000
Delay,28,dRDIFF,0x0000
Delay,29,mLAPF1,0x1004
Delay,30,mRAPF1,0x1002
Delay,31,mLAPF2,0x0004
Delay,32,mRAPF2,0x0002
Delay,33,vLIN,0x8000
Delay,34,vRIN,0x8000
